Ticker,Profit_Weekly,Profit_General,Weeks_Simulated,Initial_Price,Initial_Investment,Profit_Weekly_Percentage,Profit_General_Percentage
BTC-USD,310679.8671875,231746.296875,25,42520.40234375,425204.0234375,73.06606947786003,54.50237629490916
NVR,4321.5986328125,7026.3681640625,25,7008.2001953125,70082.001953125,6.166488559649083,10.025923872383315
TDG,4074.760437011719,2288.030334472656,25,1008.969970703125,10089.69970703125,40.38534897299396,22.676892285289586
NFLX,2866.7496032714844,1854.9299621582024,25,491.1900024414063,4911.900024414063,58.36335407933015,37.7640007520201
MPWR,2565.2271728515625,1614.3603515625,25,634.8463134765625,6348.463134765625,40.40705787206665,25.429152178924948
MTD,2053.0604248046875,492.710205078125,25,1219.22998046875,12192.2998046875,16.838992295902695,4.041158870524949
VRTX,1733.1598815917969,1559.5398864746094,25,407.6600036621094,4076.6000366210938,42.514837512201304,38.255896395645436
REGN,1666.8494873046875,1068.7796630859375,25,849.530029296875,8495.30029296875,19.620842463735837,12.580834417007337
FICO,1487.869384765625,906.64013671875,25,1164.6199951171875,11646.199951171875,12.775578222971443,7.784858069756232
TT,1424.7657012939453,456.92286682128906,25,242.3771514892578,2423.771514892578,58.783003783138824,18.851730206984463
CTAS,1366.9993896484375,502.6897583007813,25,599.9120483398438,5999.1204833984375,22.78666336892849,8.379390940586893
DPZ,1337.443328857422,302.44525146484386,25,408.7965087890625,4087.965087890625,32.71660349593489,7.398430391706317
FSLR,1245.0599365234375,2506.5199584960938,25,171.94000244140625,1719.4000244140625,72.41246474610988,145.7787555487715
ETN,1147.565414428711,698.2823638916016,25,238.7462158203125,2387.462158203125,48.06632894623146,29.247892432236483
NXPI,1020.2377929687508,1323.1774291992188,25,230.12745666503903,2301.27456665039,44.333597031568175,57.49759061236938
TYL,860.6899719238281,1252.209991455078,25,416.4100036621094,4164.100036621094,20.669291428027847,30.071563613807122
PH,857.5386352539062,1290.3011474609375,25,458.7802429199219,4587.802429199219,18.69170803424475,28.12460142679148
SNPS,833.1893615722656,763.6698303222656,25,520.25,5202.5,16.01517273565143,14.678901111432305
GE,818.7293395996094,521.7767333984375,25,101.4713363647461,1014.7133636474609,80.6857748139462,51.4210960544437
ANET,777.3598022460938,476.9800109863282,25,237.52999877929688,2375.2999877929688,32.72680529790195,20.08083246064083
HCA,757.6763305664062,413.5486450195313,25,270.61798095703125,2706.1798095703125,27.99800397175789,15.281639584961452
GWW,755.7564697265625,1883.6076049804688,25,826.8079223632812,8268.079223632812,9.14065346116144,22.78168307333723
PWR,735.493865966796,1156.4854431152337,25,214.49737548828125,2144.9737548828125,34.28917786488155,53.916064962688395
GOOG,680.7463073730469,426.9651794433594,25,142.6576690673828,1426.5766906738281,47.71887216603152,29.92935341188611
AAPL,679.0389709472665,766.7521362304697,25,192.80398559570312,1928.0398559570312,35.21913558214326,39.76847957066079
APD,668.8443603515607,825.7601928710919,25,271.1273498535156,2711.2734985351562,24.669011101717444,30.456543514228006
PGR,649.4575805664072,254.5340881347656,25,156.51805114746094,1565.1805114746094,41.494100891566255,16.262283249039463
VRSK,636.7923126220703,706.8362274169922,25,236.2867889404297,2362.867889404297,26.949975302369193,29.914335481328703
TRGP,627.8973159790039,463.0313034057617,25,86.48517608642578,864.8517608642578,72.60172718519273,53.538805649542574
CB,597.4786682128911,248.27465820312543,25,220.57083129882807,2205.708312988281,27.08783680483257,11.2560059161569
TER,583.7438201904297,321.1586608886719,25,110.12482452392578,1101.2482452392578,53.0074688167703,29.16314847965063
NTAP,571.2472076416016,88.06541442871097,25,88.44493865966797,884.4493865966797,64.58789121215113,9.957089208641165
SYK,570.6345825195312,292.4076232910156,25,297.5888671875,2975.888671875,19.17526646452117,9.825892549494473
TXN,524.2735290527344,638.709716796875,25,169.47265625,1694.7265625,30.935582214475048,37.68806903307595
TMO,505.31878662109375,191.49383544921875,25,528.9912719726562,5289.9127197265625,9.552497619416561,3.619981001484598
GRMN,482.4566650390625,660.9543151855469,25,128.27566528320312,1282.7566528320312,37.61092674701077,51.52608748715603
HWM,476.6678161621094,172.40165710449207,25,53.76140975952149,537.614097595215,88.66356338017873,32.06791969847082
AJG,411.7346038818364,119.05827331543011,25,221.28761291503903,2212.87612915039,18.60631051408727,5.3802502429786365
AMZN,398.33992004394486,67.199951171875,25,153.41000366210938,1534.1000366210938,25.965706964019226,4.380415198990877
ADI,396.84324645996094,489.45164489746094,25,197.153076171875,1971.53076171875,20.128686509258376,24.825970479444337
AMP,396.8264465332031,538.7383728027344,25,375.605712890625,3756.05712890625,10.56497366558313,14.343188996159197
LIN,395.9226684570313,695.8508911132812,25,407.4133605957031,4074.1336059570312,9.717959859689662,17.079726842925243
CMI,375.99389648437545,74.7445678710942,25,236.56838989257807,2365.683898925781,15.893665956601735,3.1595331863667213
HUBB,374.2265930175781,609.7702941894531,25,326.7745361328125,3267.745361328125,11.45213447309369,18.660275718106178
SOL-USD,357.89422607421875,435.1240692138672,25,112.6767349243164,1126.767349243164,31.762921273376616,38.61702857347923
RL,346.5209350585933,94.22686767578122,25,144.60292053222656,1446.0292053222656,23.963619391861922,6.516249279680461
ORLY,346.20068359375,1745.320068359375,25,942.0599975585938,9420.599975585938,3.67493242989778,18.526633896805713
ACGL,335.70002746581986,126.3899917602538,25,73.51000213623047,735.1000213623047,45.66725856485389,17.193577484329943
CI,322.8690795898437,256.3942565917969,25,297.647216796875,2976.47216796875,10.847374387182024,8.6140317168418
BRO,322.7153015136719,163.70364379882812,25,70.13184356689453,701.3184356689453,46.01551664699264,23.34227014047921
UHS,321.65728759765625,132.4523468017578,25,153.77719116210938,1537.7719116210938,20.917099939650377,8.613263501615707
AXP,316.479248046875,122.22430419921876,25,184.7886505126953,1847.8865051269531,17.126552262209,6.614275490410691
ESS,307.2694549560547,673.3556365966797,25,242.33795166015625,2423.3795166015625,12.67937823403556,27.785810352187966
AXON,305.7601776123047,587.6101531982421,25,258.1099853515625,2581.099853515625,11.84611967630154,22.765882241939575
ULTA,293.05001831054693,243.45986938476585,25,477.3800048828125,4773.800048828125,6.138715809483579,5.099917610594741
BSX,292.0500030517578,80.38997650146484,25,55.9900016784668,559.900016784668,52.161099177833634,14.357916429993972
CDNS,288.6199645996094,553.7999572753906,25,274.9599914550781,2749.5999145507812,10.496798573212168,20.141110506466838
ORCL,283.1908035278318,236.80300140380857,25,105.43985748291016,1054.3985748291016,26.858041189379623,22.45858511732055
COR,281.08128356933594,198.6526336669922,25,203.1886138916016,2031.8861389160159,13.833515480315695,9.776760117718542
MCO,276.08709716796966,461.5647583007831,25,386.6383972167969,3866.3839721679688,7.140705609049,11.93789239825483
MMC,270.6229858398442,85.04069519042991,25,186.17823791503903,1861.7823791503904,14.535693799150728,4.567703301029069
GNRC,270.3298568725586,431.4298782348633,25,129.88999938964844,1298.8999938964844,20.81221480813268,33.215018882296334
WELL,266.26353454589844,397.4832153320313,25,89.87452697753906,898.7452697753906,29.62614029806705,44.22645978780707
GD,259.33335876464844,218.93406677246088,25,253.6092987060547,2536.092987060547,10.22570387157721,8.632730262237583
JPM,258.33915710449264,209.81936645507812,25,166.387451171875,1663.87451171875,15.526360629061703,12.610287913980892
PG,258.2579345703125,194.774658203125,25,144.0936737060547,1440.9367370605469,17.92291971798487,13.51722481588314
MLM,251.30618286132807,1026.3565979003895,25,497.0778198242188,4970.778198242188,5.055670819313508,20.647805171901233
HLT,249.5266876220703,131.15802001953125,25,180.940673828125,1809.40673828125,13.790524946264707,7.248675338974246
RSG,248.08657836914085,131.81109619140622,25,162.08480834960938,1620.8480834960938,15.30597351443509,8.1322301290011
LDOS,239.17505645751976,61.21551513671899,25,107.29625701904295,1072.9625701904295,22.291090397968958,5.705279646973562
CPT,218.0529403686528,260.6456375122075,25,97.40689849853516,974.0689849853516,22.385780035069278,26.75843718770362
DOV,217.02288818359372,318.89805603027344,25,153.72650146484375,1537.2650146484375,14.117467457829674,20.744507485145842
AVB,216.15887451171875,371.616455078125,25,184.83526611328125,1848.3526611328125,11.694677052551215,20.10527876484187
FANG,214.4662170410156,474.1616821289063,25,154.8210906982422,1548.2109069824219,13.852519451566595,30.62642692868523
BBY,212.9997100830078,356.4838104248047,25,76.94419860839844,769.4419860839844,27.682361235192452,46.330173927614936
FIS,199.990047454834,124.22148513793944,25,59.6807975769043,596.807975769043,33.50994885702191,20.814313846571576
JCI,191.4212989807129,49.490665435791016,25,57.30084228515625,573.0084228515625,33.4063674017407,8.636987426729597
CHD,191.4142227172852,79.264892578125,25,91.76836395263672,917.6836395263672,20.858410728132572,8.637496536282919
APH,189.68630599975572,175.23377609252918,25,49.64487457275391,496.4487457275391,38.208638380538744,35.29745569922357
ADP,187.7849884033212,106.81208801269575,25,229.8793182373047,2298.793182373047,8.168850936362642,4.646441830075097
ETR,187.66275024414065,188.31251525878903,25,98.15091705322266,981.5091705322266,19.11981628682898,19.186016892402133
V,183.32351684570312,161.86386108398432,25,258.1997985839844,2581.9979858398438,7.100064285529398,6.268938317213095
TRV,180.7476959228511,190.16748046875023,25,185.32366943359372,1853.2366943359373,9.753082079330277,10.261370339253517
SPG,179.1578369140625,254.04928588867188,25,139.9763946533203,1399.7639465332031,12.799146410206014,18.149437733260385
WTW,168.02197265624957,236.1828002929683,25,237.4859313964844,2374.859313964844,7.075028472980815,9.945128071551299
DVA,167.54994964599587,67.25997161865212,25,104.51000213623048,1045.100021362305,16.03195351843853,6.435744928124453
RTX,167.18836212158214,44.52251434326172,25,83.0009536743164,830.0095367431641,20.14294471574445,5.364096720859564
EMN,163.1155548095703,261.5596160888672,25,89.52359771728516,895.2359771728516,18.220397634675944,29.216834751756792
PKG,159.35250854492188,344.93896484375,25,161.77865600585938,1617.7865600585938,9.850032907873235,21.321660926102442
EMR,158.8369140625,236.3779754638672,25,96.59439086914062,965.9439086914062,16.44369953920836,24.471190649578777
FI,157.300048828125,65.79005432128906,25,132.58999633789062,1325.8999633789062,11.863643802151076,4.961916897081024
XYL,143.51832580566406,33.29405975341797,25,112.99392700195312,1129.9392700195312,12.70141941373392,2.9465353259952165
J,138.32933807373047,65.8086166381836,25,127.65377044677734,1276.5377044677734,10.836290819267582,5.155242685575133
MHK,136.60000610351557,41.33000183105467,25,102.63999938964844,1026.3999938964844,13.308652271610605,4.026695447858988
HIG,131.32005310058594,69.74633789062499,25,79.04788970947266,790.4788970947266,16.612720919335217,8.82330169052786
IRM,129.82574462890625,152.63308715820312,25,69.30301666259766,693.0301666259766,18.73305822471827,22.02401778573343
HSY,129.7795867919924,145.57011413574236,25,180.88079833984372,1808.8079833984373,7.174868088991901,8.047847835249007
STZ,129.59864807128906,176.25236511230514,25,237.1874847412109,2371.874847412109,5.463974973750861,7.430930232453433
SO,123.71521759033205,214.4352188110352,25,68.09922790527344,680.9922790527344,18.16690458846624,31.488641708143344
HPQ,120.65170860290527,-11.56110572814941,25,29.90900230407715,299.0900230407715,40.33959654563878,-3.8654267402872944
DIS,120.3500518798828,173.2100372314452,25,90.9499969482422,909.499969482422,13.232551502818804,19.044534694158983
CINF,118.6106414794922,91.07057189941403,25,101.85720825195312,1018.5720825195312,11.644796035062921,8.941004123551338
EW,117.95999908447266,35.52001953125,25,76.27999877929688,762.7999877929688,15.464079833793617,4.656531213905902
GM,117.01472854614258,69.49553680419922,25,35.92851638793945,359.28516387939453,32.56876161616912,19.342723772342463
EBAY,109.71768569946278,46.49087905883784,25,43.02993774414063,430.2993774414063,25.49798848231032,10.804310091098955
IP,108.15603256225586,262.80175399780273,25,35.70903778076172,357.0903778076172,30.288139721458705,73.59530537095218
CTLT,106.63003158569336,93.11000061035156,25,45.25,452.5,23.564647864241625,20.57679571499482
ROST,95.97845458984376,79.8804931640625,25,136.30984497070312,1363.0984497070312,7.041197545963923,5.860214512108873
CDW,95.69941711425838,232.27844238281293,25,227.55844116210935,2275.5844116210933,4.205487461837705,10.207419298383273
DUK,95.11810302734376,-16.246299743652344,25,94.69593811035156,946.9593811035156,10.044581100881036,-1.7156279422164995
AEP,95.0707778930664,50.3193359375,25,79.03594207763672,790.3594207763672,12.028803022260268,6.366639609112459
AME,93.75851440429688,136.17120361328125,25,164.37893676757812,1643.7893676757812,5.703803434187297,8.2839812868372
CARR,93.19062042236328,144.99909210205078,25,57.26144027709961,572.6144027709961,16.274585475215982,25.322292174344735
WMB,92.19348907470705,18.213706970214844,25,34.26581954956055,342.65819549560547,26.9053798469237,5.31541553934566
TROW,90.47618103027344,118.8466339111328,25,106.39995574951172,1063.9995574951172,8.503404009234153,11.169801065606007
JNPR,89.85812950134277,89.74796867370605,25,29.232879638671875,292.32879638671875,30.738719760769094,30.701035882547608
DD,89.00714874267578,121.28580474853516,25,75.73887634277344,757.3887634277344,11.751844368518721,16.013678919611742
PCAR,88.58391571044922,224.13459014892575,25,97.19551849365234,971.9551849365234,9.113991785149484,23.06017742613962
ABNB,88.42001342773438,215.4699859619141,25,138.72000122070312,1387.2000122070312,6.3739916846640154,15.532726648344095
TJX,81.35406494140622,64.75582885742185,25,92.12443542480467,921.2443542480468,8.83088884792248,7.0291696832463
TXT,80.28235626220703,135.6123962402344,25,80.69371795654297,806.9371795654297,9.94902184398574,16.80581830586459
DFS,79.56063079833962,81.41043853759766,25,110.4010238647461,1104.010238647461,7.206512042479833,7.374065537411571
TEL,78.33404541015625,126.17724609375,25,140.14285278320312,1401.4285278320312,5.589585473283944,9.003473497784613
MAR,75.49581909179688,227.77447509765665,25,222.37689208984372,2223.768920898437,3.3949489257766676,10.242722297136533
ROP,72.71749877929688,204.82711791992188,24,542.0232543945312,5420.2325439453125,1.3415937081984828,3.778935982160482
KO,72.22395706176758,77.43323135375977,25,57.64800262451172,576.4800262451172,12.528440496402943,13.43207532412154
DTE,71.89165496826149,155.6147079467769,25,109.1427230834961,1091.427230834961,6.586939828619001,14.257909602248874
HAS,69.85908889770508,37.28573226928711,25,50.1380500793457,501.38050079345703,13.933347784197819,7.436613950937616
PNR,69.26011657714844,124.4822235107422,25,72.17070007324219,721.7070007324219,9.59670842971733,17.248304836230194
STE,69.2434692382817,151.8953247070317,25,220.4159393310547,2204.159393310547,3.1414910123301554,6.891304012224444
FDX,69.21772766113281,138.99769592285156,25,250.72119140625,2507.2119140625,2.7607450041579273,5.543914941662431
CMS,67.2390022277832,76.90680313110352,25,56.50733947753906,565.0733947753906,11.89916263081362,13.610055586084172
CRM,66.93458557128912,186.2656402587893,25,265.8727111816406,2658.7271118164062,2.517542521524908,7.005820169770456
PRU,66.45553588867165,13.64408874511716,25,101.39775848388672,1013.9775848388672,6.5539452629253345,1.345600627580477
VMC,66.23741149902435,496.37010192871134,25,224.86233520507807,2248.623352050781,2.9456872552094935,22.07439949763102
IFF,65.53816986083984,-3.426353454589844,25,80.88262939453125,808.8262939453125,8.102873305608819,-0.42362043373697633
BK,65.3239517211914,41.03448104858399,25,51.19676208496094,511.9676208496094,12.759391231184978,8.015053956046545
TTWO,62.23989868164063,143.43988037109375,25,161.6199951171875,1616.199951171875,3.851002385967881,8.875132081713547
COF,62.16105651855469,98.99923706054688,25,130.15060424804688,1301.5060424804688,4.776086663423041,7.606513825465587
FOX,61.98427581787109,79.10089492797852,25,27.57747459411621,275.7747459411621,22.476414802353126,28.6831539479888
MAA,60.26329803466797,205.1617813110352,25,131.0970916748047,1310.9709167480469,4.596844770908817,15.649605852428294
D,59.573104858398494,22.867099761962898,25,45.82061004638672,458.2061004638672,13.001377501977684,4.990570780007791
AIG,58.191436767578125,33.25025939941406,25,66.45094299316406,664.5094299316406,8.757052066750113,5.003730255992692
UBER,57.429908752441406,188.22994995117188,25,61.97999954223633,619.7999954223633,9.265877569635304,30.36946617318098
HPE,56.89995765686035,88.23198699951172,25,17.10486602783203,171.0486602783203,33.26536294658847,51.58297460848031
EQR,53.60665130615234,68.19707489013672,25,60.1121940612793,601.121940612793,8.917766543590954,11.344965186367272
CTVA,52.83189010620118,108.36985397338869,25,47.72138595581055,477.21385955810547,11.070904385535428,22.70886559617902
WRB,51.53034210205078,73.38337707519531,25,70.00775909423828,700.0775909423828,7.360661556483357,10.48217769353438
FOXA,50.16304016113281,72.69076919555675,25,29.612478256225582,296.1247825622558,16.93983182599274,24.54734405090685
LEN,49.92424011230469,-24.293960571289062,25,147.23545837402344,1472.3545837402344,3.3907756096008974,-1.6500074669224662
MTB,49.75439453125,1.2794342041015625,25,136.34315490722656,1363.4315490722656,3.649203699672706,0.09383926937675321
RJF,48.18792724609375,65.94918823242188,25,111.7643051147461,1117.643051147461,4.311566845659731,5.900738000805643
NWS,47.29444694519054,31.53445243835455,25,25.20769691467285,252.07696914672852,18.761907168782834,12.509850679773537
FTNT,44.280029296875,105.57001113891602,25,59.79999923706055,597.9999923706055,7.404687267860837,17.6538482417722
CTRA,44.1458740234375,44.86563491821289,25,25.513063430786133,255.13063430786133,17.30324315745145,17.58535780696346
OKE,42.5689697265625,-1.873504638671875,25,69.28731536865234,692.8731536865234,6.143833037846632,-0.2703964829209568
IQV,40.740036010742216,136.54002380371097,25,231.02999877929688,2310.2999877929688,1.7634089177164045,5.910056032772945
ROL,39.540260314941406,24.98566436767578,25,42.973236083984375,429.73236083984375,9.201136316023824,5.814238499247592
OMC,39.531471252441406,27.123519897460923,25,85.38434600830078,853.8434600830078,4.629826554928264,3.1766384783018733
FCX,38.6593132019043,159.5225715637207,25,42.54828643798828,425.4828643798828,9.085985932300249,37.492125986369814
UDR,38.43981170654297,59.045806884765625,25,37.1325798034668,371.32579803466797,10.352044460685203,15.901347872213542
L,37.38310241699219,52.88218688964844,25,68.87286376953125,688.7286376953125,5.427842022380103,7.678232615186106
CNP,36.63473892211914,-0.8463726043701172,25,28.101625442504883,281.0162544250488,13.036519541217558,-0.3011827931810461
EVRG,36.15551376342785,61.1458549499514,25,50.55060195922852,505.5060195922852,7.152340894493996,12.095969697703788
SCHW,35.712520599365234,109.65488052368164,25,68.44916534423828,684.4916534423828,5.217378534824069,16.01990031174454
NWSA,35.5905704498291,37.02076530456543,25,24.03887367248535,240.38873672485352,14.805423471468925,15.400374330740387
SYF,35.535438537597656,6.022838592529304,25,37.8121337890625,378.121337890625,9.397892945115041,1.5928322443076366
SRE,35.19786071777344,-20.91667938232422,25,73.81060791015625,738.1060791015625,4.768672378449582,-2.8338310677219214
OTIS,33.716087341308594,44.70925140380858,25,88.93647003173828,889.3647003173828,3.791030533287021,5.027099837429283
BBWI,30.88528823852539,16.63083267211914,25,42.144287109375,421.44287109375,7.328463798277171,3.9461653791789044
PNW,28.743507385253903,161.6270523071289,25,69.63066864013672,696.3066864013672,4.127995313933476,23.2120494408068
GIS,28.721569061279297,4.180149078369148,25,63.56909942626953,635.6909942626953,4.518165165229679,0.6575756328304577
ATO,27.48719024658203,-15.105461120605469,25,114.18148803710938,1141.8148803710938,2.4073245776625893,-1.3229343372803253
FE,27.332603454589844,8.552608489990234,25,35.92864227294922,359.2864227294922,7.607469062411146,2.380442997265588
LNT,27.287666320800668,28.72685241699196,25,49.944862365722656,499.44862365722656,5.4635582176572965,5.751713200576824
PPL,26.81659507751459,50.33478355407715,25,26.47809219360352,264.7809219360352,10.127842626060819,19.009973674099086
BG,25.75226593017589,196.72733306884788,25,101.06724548339844,1010.6724548339844,2.5480328277479396,19.464994037179217
AIZ,21.522003173828125,68.47184753417969,25,164.91485595703125,1649.1485595703125,1.3050372599200952,4.151951450148318
NI,20.23736381530756,48.00686073303223,25,25.916038513183597,259.160385131836,7.8088183905934265,18.523996523855654
CAG,18.13638687133789,3.307926177978512,25,27.89493179321289,278.9493179321289,6.501678156370561,1.1858520402560593
HRL,17.993991851806648,52.36985397338868,25,31.2713623046875,312.713623046875,5.754143895774376,16.746905191763446
MRNA,17.1899871826173,21.84998321533216,25,97.33000183105467,973.3000183105468,1.7661550250924338,2.2449381284569725
CPB,16.756984710693246,21.279796600341804,25,42.269508361816406,422.69508361816406,3.9643197567517587,5.034313722835874
TPR,16.124366760253906,55.38488388061524,25,37.02985763549805,370.29857635498047,4.354423103370658,14.956817934812003
RVTY,15.939445495605357,-4.393684387207259,25,109.49114990234376,1094.9114990234377,1.455774782694483,-0.401282148477391
EXC,15.8277587890625,34.16358184814453,25,35.15328598022461,351.5328598022461,4.502497660664316,9.718460421413567
DOW,14.354026794433707,37.78899383544933,25,54.34590911865234,543.4590911865233,2.64123409235732,6.953420128264923
COO,14.162460327148438,53.22749328613281,25,94.24250030517578,942.4250030517578,1.5027678893585803,5.64792881277255
HES,13.842864990234377,62.7105712890625,25,147.74635314941406,1477.4635314941406,0.9369344620124234,4.244475071790372
TSN,12.46310806274414,16.916919708251953,25,51.50720977783203,515.0720977783203,2.419682237982164,3.2843789794128497
CPRT,12.10000991821289,51.04000091552734,25,49.0,490.0,2.4693897792271207,10.41632671745456
PNC,11.918701171875,-24.50888061523437,25,150.9997100830078,1509.9971008300781,0.789319473879985,-1.6231077928402184
DVN,10.935310363769531,77.59339141845703,25,45.87339019775391,458.7339019775391,2.383802530536528,16.914684326569834
PM,10.12814331054676,-9.2318572998048,25,91.9736785888672,919.736785888672,1.1012001983546522,-1.0037499251358915
NDAQ,9.72940444946289,47.17174911499024,25,57.18499755859375,571.8499755859375,1.701391075429146,8.248972830095239
AMCR,6.059784889221191,-3.749903678894043,25,9.429100036621094,94.29100036621094,6.426684270700248,-3.9769476029844055
AMD,5.720062255859375,419.6599578857422,25,143.41000366210938,1434.1000366210938,0.3988607565575764,29.262948690421194
ADM,5.348503112792969,8.601211547851562,25,71.1303939819336,711.3039398193359,0.751929353034574,1.209217476011195
CNC,5.250007629394531,43.29998779296875,25,73.6500015258789,736.5000152587891,0.7128319783604892,5.879156401341572
TECH,3.94351577758789,97.90407943725586,25,77.84828186035156,778.4828186035156,0.5065642662046134,12.576267208167993
KDP,3.826971054077149,42.6014575958252,25,32.60226058959961,326.0226058959961,1.1738361036528813,13.067025667973287
ICP-USD,3.3586854934692383,40.38058471679689,25,9.250829696655272,92.50829696655272,3.630685682910803,43.650770839935454
LOW,2.130264282225653,39.4026641845694,25,220.65049743652344,2206.5049743652344,0.09654473055690643,1.7857500727323186
LUV,0.4772796630859943,23.66813087463385,25,28.996173858642575,289.9617385864257,0.16460091093837084,8.162501366565419
HBAN,0.4763221740722692,1.4920806884765625,25,12.677729606628418,126.77729606628418,0.3757156753234658,1.1769305189285972
SHIB-USD,-2.0999999833293263e-05,0.0001979999997274,25,1.1000000085914508e-05,0.00011000000085914508,-19.090908790249692,179.99999834630808
USDC-USD,-0.0032571554183959,-0.0045936107635498,25,1.0003570318222046,10.003570318222046,-0.032559929253086914,-0.04591971283674879
USDT-USD,-0.0033940076828002,-0.0026102066040039,25,1.0002340078353882,10.002340078353882,-0.03393213644220307,-0.02609595938107186
DAI-USD,-0.0045265555381776,-0.0041194558143615,18,1.000383973121643,10.00383973121643,-0.04524818129635497,-0.041178746611733145
FAST,-0.03057861328125,40.69357681274414,25,64.70468139648438,647.0468139648438,-0.004725873402246818,6.289124053233521
FITB,-1.2317352294921875,-0.4442253112792969,25,34.27488327026367,342.7488327026367,-0.3593696351289461,-0.12960665913184874
LYB,-1.3229904174809235,37.6992568969722,25,94.18804168701172,941.8804168701172,-0.14046267379432736,4.002552364582268
ADA-USD,-1.54261776804924,-0.0411657989025116,25,0.6087989807128906,6.087989807128906,-25.338704842160993,-0.6761804833232035
PHM,-2.61806488037098,23.44892883300781,25,102.99942016601562,1029.9942016601562,-0.2541824872558655,2.276607848394929
HON,-4.97669982910179,-86.09513854980472,25,205.8130645751953,2058.130645751953,-0.24180679877508537,-4.1831716916274395
LINK-USD,-5.331139564514189,26.83830738067624,25,15.090892791748049,150.9089279174805,-3.5326866594860076,17.784439761809104
RF,-6.046276092529297,-17.362476348876953,25,19.07748413085937,190.77484130859372,-3.169325709331325,-9.101030424023126
AON,-6.647857666015625,36.99484252929688,25,288.29986572265625,2882.9986572265625,-0.23058830254228585,1.2832070676330398
ES,-7.186210632324219,43.31580352783203,25,59.975399017333984,599.7539901733398,-1.1981930508286027,7.2222618336083055
VTRS,-8.853415489196777,12.912959098815932,25,10.48879051208496,104.8879051208496,-8.440835460481418,12.311199355099998
GEN,-9.389118194580083,26.67941284179686,25,22.97030258178711,229.7030258178711,-4.0875030536274295,11.614741576347654
AES,-9.800701141357408,38.482343673706026,25,18.97701835632324,189.7701835632324,-5.164510544983355,20.278393028419828
WEC,-9.943679809570312,-28.153717041015625,25,82.74884796142578,827.4884796142578,-1.2016698787402647,-3.4023092447329017
KEY,-10.084553718566951,8.475356101989718,25,14.040355682373049,140.4035568237305,-7.182548609667768,6.0364254964210735
CHRW,-10.227218627929688,163.47547912597656,25,85.93354034423828,859.3354034423828,-1.190131185909578,19.023477733038302
HST,-10.32594871520996,0.186100006103512,25,19.467344284057617,194.67344284057617,-5.304241073943601,0.09559599059226316
CCL,-10.410004615783691,-12.490002632141112,25,18.61000061035156,186.1000061035156,-5.593769088859282,-6.7114466536845345
EXPD,-11.74933624267578,89.83426666259766,25,127.5352554321289,1275.352554321289,-0.9212618270034738,7.043877111329833
NTRS,-13.476913452148438,-73.0252685546875,25,82.71614074707031,827.1614074707031,-1.629296692329758,-8.828418237981436
CFG,-13.62746810913086,-1.5223922729492116,25,32.72129440307617,327.2129440307617,-4.164709360595992,-0.46526040632612914
EOG,-15.190109252929688,51.34127807617188,25,122.49578857421876,1224.9578857421877,-1.2400515503213547,4.191268832484376
CBOE,-16.609909057617188,-50.70991516113281,25,173.69000244140625,1736.9000244140625,-0.9562962072742492,-2.9195644221514496
BKR,-17.58140754699707,-5.386312484741211,25,34.301570892333984,343.01570892333984,-5.125540052431336,-1.5702815773795922
DGX,-17.761764526367188,223.34283447265625,25,135.26641845703125,1352.6641845703125,-1.3130949077364233,16.51132905123849
DOT-USD,-18.66061782836914,0.9436054229736328,25,8.819256782531738,88.19256782531738,-21.158946029704158,1.06993757664776
ABT,-18.89762115478493,49.95682525634771,25,108.16840362548828,1081.6840362548828,-1.747055565339968,4.618430482649384
FRT,-19.571495056152344,-4.284233093261719,25,102.42930603027344,1024.2930603027344,-1.9107319784406136,-0.41826243477579494
LVS,-20.568958282470817,27.52104568481434,25,48.84570693969727,488.4570693969727,-4.21100636497376,5.634281374776824
PFG,-23.53451538085937,-49.736083984375,25,77.91575622558594,779.1575622558594,-3.020507856295582,-6.383315313064072
IPG,-24.606653213500977,-46.04736518859863,25,32.416961669921875,324.16961669921875,-7.590672273377272,-14.204713463730856
USB,-27.293148040771484,-5.248043060302734,25,43.08800506591797,430.8800506591797,-6.3342798068783175,-1.2179823717236482
CF,-28.2552490234375,-14.198532104492188,25,79.58692932128906,795.8692932128906,-3.550237364903508,-1.7840281344658135
ENPH,-31.219932556152344,285.9001235961914,25,137.33999633789062,1373.3999633789062,-2.273185771706556,20.8169601878251
O,-31.501789093017464,-23.223331451416016,25,56.07757186889648,560.7757186889647,-5.617538000159024,-4.141286913368815
KIM,-31.8741455078125,-20.78314971923828,25,21.324756622314453,213.24756622314453,-14.947014904948109,-9.74601965561969
IVZ,-33.63476085662842,-43.24113178253174,25,17.727657318115234,177.27657318115234,-18.973043224531594,-24.391904134081628
PTC,-34.56999206542969,92.27003479003906,25,175.30999755859375,1753.0999755859375,-1.971935003528557,5.263250018539285
VICI,-37.970630645751896,-48.26908493041981,25,31.206466674804688,312.0646667480469,-12.167552014598442,-15.467654647807677
BDX,-39.04127502441361,-75.60646057128906,25,241.3622894287109,2413.622894287109,-1.617538312087684,-3.1324885403699447
STLD,-39.43562316894531,142.44100189208984,25,120.44001007080078,1204.4001007080078,-3.2742959043064714,11.826717866293416
BEN,-40.53853416442871,-132.51991844177246,25,29.42559051513672,294.2559051513672,-13.776625534014489,-45.035602046322005
CTSH,-40.76660919189453,15.861686706542969,25,74.85912322998047,748.5912322998047,-5.445777005249219,2.1188715579546744
FMC,-41.635723114013786,34.6811637878418,25,62.57231903076172,625.7231903076172,-6.6540163060833475,5.542572870088431
IEX,-46.10594177246094,131.22988891601562,25,213.4652557373047,2134.652557373047,-2.159880380215129,6.147599451852257
DXCM,-47.10004425048805,106.78995513916038,25,123.5500030517578,1235.500030517578,-3.812225259982941,8.643460340055494
AAL,-48.670000076293945,-34.30999946594238,25,14.109999656677246,141.09999656677246,-34.49326807974934,-24.31608809409569
LKQ,-53.44623565673828,8.42498779296875,25,47.319854736328125,473.19854736328125,-11.29467449858988,1.7804339932812108
REG,-53.79465866088856,-41.46285629272438,25,65.7480697631836,657.4806976318359,-8.18193733362063,-6.30632297527037
XEL,-57.76771926879894,-43.131717681884766,25,60.45724487304688,604.5724487304689,-9.555135929548952,-7.134251283275694
IBM,-59.19059753417969,248.54098510742185,25,160.145751953125,1601.45751953125,-3.696045434380607,15.51967392679703
MTCH,-59.27003860473633,-8.270030975341797,25,35.380001068115234,353.80001068115234,-16.752412892986314,-2.337487486057433
NEM,-59.712045669555664,93.67574882507324,25,41.33380126953125,413.3380126953125,-14.446299114901812,22.663231047691053
JKHY,-60.304473876953125,51.91697692871094,25,164.49838256835938,1644.9838256835938,-3.6659615088855264,3.156078261568085
COP,-61.42411804199219,-2.72283935546875,25,118.1769561767578,1181.769561767578,-5.197639203883359,-0.23040357812196374
CBRE,-65.17000579833984,-36.77002716064453,25,92.61000061035156,926.1000061035156,-7.037037616762029,-3.9704164688812806
AWK,-66.56471252441384,58.526367187500455,25,131.5056610107422,1315.0566101074219,-5.061737419727994,4.450482719730192
APA,-67.17340469360352,-104.48300170898438,25,36.70101547241211,367.0101547241211,-18.302873593265364,-28.468695038567393
FTV,-69.9227294921875,99.64254760742188,25,73.2906265258789,732.9062652587891,-9.540473701299005,13.595537701159932
CSX,-73.12868881225586,-41.94327163696289,25,34.713966369628906,347.13966369628906,-21.066071227238332,-12.082535078347851
ALLE,-75.00015258789051,-35.566818237304574,25,126.50743103027344,1265.0743103027344,-5.928517556406852,-2.8114410313804705
APTV,-82.91004943847656,-145.95005798339844,25,89.44000244140625,894.4000244140625,-9.269906884538875,-16.318208184197328
WY,-84.48094558715809,-121.3850860595702,25,34.05295181274414,340.5295181274414,-24.808699713233533,-35.64598062660238
AVAX-USD,-84.59993743896484,25.398908615112305,25,44.426029205322266,444.26029205322266,-19.042876203941656,5.717123287730046
A,-89.24380493164062,-57.77096557617188,25,139.34754943847656,1393.4754943847656,-6.4044043322801825,-4.14581855288947
HSIC,-89.79997253417969,-81.53994750976562,25,75.41999816894531,754.1999816894531,-11.906652706755889,-10.811449150013404
QRVO,-92.52997589111304,21.970008850097884,25,114.37999725341795,1143.7999725341795,-8.089699083145241,1.920791167831696
CMA,-94.65021896362305,-124.2834815979004,25,54.68898010253906,546.8898010253906,-17.30700020116643,-22.725507289562756
CE,-96.30924987792967,-111.91017150878906,25,156.16111755371094,1561.6111755371094,-6.167300246478098,-7.166327525179119
LYV,-98.59999084472656,31.16000366210937,25,92.3499984741211,923.4999847412109,-10.67677233068465,3.3741206472072895
NUE,-100.0906219482422,-5.8074493408203125,25,177.21434020996094,1772.1434020996094,-5.647997889429056,-0.327707641150244
BR,-100.19929504394533,-121.7129364013672,25,200.40335083007807,2004.0335083007808,-4.99988122099337,-6.073398268902578
EXR,-102.93984985351562,137.52008056640625,25,156.0912322998047,1560.9123229980469,-6.594851506828961,8.810237355437826
MOS,-103.48493003845216,-133.44900703430176,25,35.90462112426758,359.0462112426758,-28.822175752888736,-37.16764106002636
SPGI,-107.40176391601562,77.76852416992188,25,434.4051208496094,4344.051208496094,-2.4723871510989395,1.7902303733856133
DHI,-111.86203002929688,-80.93658447265625,25,150.08554077148438,1500.8554077148438,-7.453218308325554,-5.392696995101467
MNST,-115.38000869750977,-57.86001205444336,25,56.790000915527344,567.9000091552734,-20.316958414762574,-10.18841541145731
SJM,-118.0176696777346,-91.83648681640624,25,123.07746887207033,1230.7746887207034,-9.588893138548778,-7.461681464368046
DRI,-118.99781799316406,43.996856689453125,25,161.33038330078125,1613.3038330078125,-7.376032682653882,2.72712776039379
LMT,-120.05123901367163,128.034637451172,25,443.9080505371094,4439.080505371094,-2.7044168013717,2.884260316888952
LW,-124.63484191894533,-70.35394287109375,25,105.67098236083984,1056.7098236083984,-11.794613727858483,-6.657829926370204
BX,-127.24375152587844,-211.5075912475581,25,129.4993133544922,1294.9931335449219,-9.825824417891749,-16.332719129450208
SWK,-142.11279296875,-215.19720458984372,25,97.00980377197266,970.0980377197266,-14.649322794507928,-22.18303678828973
CCI,-142.96813201904297,-151.62012481689453,25,112.16050720214844,1121.6050720214844,-12.746744427730656,-13.518138300108387
IT,-143.30990600585938,232.85003662109372,25,446.4700012207031,4464.700012207031,-3.2098440122299983,5.215356820938775
JNJ,-145.0154571533203,-101.96434020996094,25,153.7208251953125,1537.208251953125,-9.433689740415364,-6.633085665550421
BXP,-159.43631744384766,-205.2529754638672,25,69.93492889404297,699.3492889404297,-22.79780933007117,-29.349136219876897
VRSN,-159.49000549316406,-183.34992980956983,25,206.8300018310547,2068.300018310547,-7.711163954997232,-8.864764694985396
CSGP,-171.68997955322266,-200.27001190185547,25,87.52999877929688,875.2999877929688,-19.614987084157463,-22.88015705413497
TAP,-183.3998794555664,-32.67560577392578,25,60.22658157348633,602.2658157348633,-30.451650195651304,-5.425445861318921
EL,-194.93060302734372,-499.2354583740234,25,143.5806427001953,1435.8064270019531,-13.576384626886654,-34.77038749690346
PSA,-203.924072265625,-236.45068359375,25,295.511474609375,2955.11474609375,-6.900715870176757,-8.001404476976905
PPG,-206.8626251220703,-359.01487731933594,25,148.26966857910156,1482.6966857910156,-13.951783065577539,-24.213642666085967
ZTS,-214.9002990722656,30.427520751953125,25,194.5030059814453,1945.0300598144531,-11.048687807568696,1.5643727765757909
ARE,-216.191886901855,-289.3792343139644,25,126.53423309326172,1265.3423309326172,-17.085644067760803,-22.869639878457097
DG,-218.2254180908203,-412.5281372070313,25,131.99183654785156,1319.9183654785156,-16.533251131156593,-31.254064493410976
PODD,-218.54006958007812,-30.369949340821226,25,220.7100067138672,2207.100067138672,-9.901683790141776,-1.3760114365903413
WAT,-243.26998901367188,138.04998779296875,25,331.9700012207031,3319.7000122070312,-7.328071455828295,4.158507915936331
BLDR,-248.2400360107422,200.2799530029297,25,168.63999938964844,1686.3999938964844,-14.720116040630145,11.87618321440906
RHI,-259.7706794738769,-432.1632499694824,25,86.38475036621094,863.8475036621094,-30.071358471562498,-50.02772458534781
UPS,-264.0292358398437,-421.9326477050781,25,156.2774658203125,1562.774658203125,-16.89490128688316,-26.998943545079968
ADSK,-283.9400634765625,101.79995727539062,25,245.07000732421875,2450.7000732421875,-11.586079691135769,4.153913340391465
EXPE,-287.39000701904297,-367.0699844360352,25,153.13999938964844,1531.3999938964844,-18.766488713886545,-23.969569407014603
HD,-296.989013671875,-349.1556396484375,25,344.8360290527344,3448.3602905273438,-8.612470526577653,-10.125265640239773
CRL,-307.6200408935547,187.9500274658203,25,238.1699981689453,2381.699981689453,-12.915986197192861,7.891423307334386
ITW,-309.2006225585933,-577.4124450683585,25,260.9463806152344,2609.4638061523438,-11.849201427112716,-22.12762804783844
EPAM,-323.52998352050736,-329.52995300292923,25,301.0599975585937,3010.599975585937,-10.746362391022753,-10.945657200398887
ALB,-331.1843032836915,-548.6861648559575,25,151.343994140625,1513.43994140625,-21.882883768480664,-36.254241073229
LH,-356.15357971191406,-362.0085906982422,25,223.78912353515625,2237.8912353515625,-15.914695678048178,-16.176326399588064
BIO,-374.8299255371094,-371.4497985839844,25,320.94000244140625,3209.4000244140625,-11.679127646468494,-11.573808056283033
ODFL,-379.0027160644531,-74.44876098632812,25,207.44381713867188,2074.4381713867188,-18.27013797239846,-3.588863819284654
EFX,-390.45274353027344,-532.3912200927734,25,246.79617309570312,2467.9617309570312,-15.820858914974458,-21.5721019258399
ANSS,-392.219970703125,-672.0798950195312,25,360.8800048828125,3608.800048828125,-10.868431761147017,-18.62336194652219
SBAC,-394.0553131103518,-813.8500823974618,25,250.2244110107422,2502.244110107422,-15.748076357483558,-32.524807596111124
IDXX,-416.65005493164017,-594.4897766113263,25,556.010009765625,5560.10009765625,-7.493571115873808,-10.692069678060683
BLK,-417.486083984375,-132.5972900390625,25,796.384033203125,7963.84033203125,-5.2422708966829745,-1.6649918194083426
WST,-474.7738342285156,-1029.6443176269531,25,356.956787109375,3569.56787109375,-13.300596917436966,-28.845069061859867
MSCI,-486.0664367675781,79.09597778320312,25,557.8748168945312,5578.7481689453125,-8.712822698707177,1.4178087160036938
TDY,-525.2000427246094,-732.1399841308594,25,437.4800109863281,4374.800109863281,-12.005120909193327,-16.735392834982346
NDSN,-528.2847290039062,-436.7439270019531,25,262.6453552246094,2626.4535522460938,-20.11399472692472,-16.62865603042772
TFX,-554.1819763183589,-533.4293518066406,25,251.31585693359372,2513.158569335937,-22.051214080963973,-21.225455421525233
ALGN,-577.6200103759766,438.4200286865234,25,274.19000244140625,2741.9000244140625,-21.06641399149528,15.989643122754366
JBHT,-670.2900238037109,-687.1658477783203,25,201.8541259765625,2018.541259765625,-33.206654585873515,-34.042695161857026
BA,-712.4400787353516,-870.6000518798828,25,262.7900085449219,2627.9000854492188,-27.11062276226402,-33.12911539903773
TSLA,-739.7497863769531,-917.2297668457032,25,256.6099853515625,2566.099853515625,-28.827786469940996,-35.744118280864015
GL,-831.4634094238281,-428.0766906738284,25,121.08259582519533,1210.8259582519534,-68.66911002008878,-35.35410582804441
POOL,-846.3833923339844,-807.3619689941406,25,398.5304870605469,3985.3048706054688,-21.23760715464153,-20.258474450700728
EQIX,-847.268310546875,180.76611328125,25,795.9501342773438,7959.5013427734375,-10.644741096954823,2.2710733436256096
MKTX,-910.5288085937505,-1339.9000854492197,25,289.6510314941406,2896.5103149414062,-31.435372554928037,-46.2591166528031
MOH,-954.3300170898438,27.749908447265625,25,357.75,3577.5,-26.675891463028478,0.7756787825930294
INTU,-1061.7357788085938,-54.28594970703125,25,623.0399780273438,6230.3997802734375,-17.04121430811293,-0.8713076467245376
CHTR,-1184.6403198242188,-1559.6404418945312,25,389.5,3895.0,-30.41438561808007,-40.042116608331995
HUM,-1267.6935119628924,-1288.4935607910174,25,450.7941284179688,4507.941284179688,-28.121340364653285,-28.582749409645096
PAYC,-1334.8441162109375,-1682.1377563476562,25,205.4531707763672,2054.531707763672,-64.97072355548585,-81.87450940723807
